INSERT INTO "DBA"."KLASA_POKOJU" ("ID_KP","NAZWA_KLASY","POZIOM_KLASY") VALUES(1,'Klasa ekonomiczna',1);
INSERT INTO "DBA"."KLASA_POKOJU" ("ID_KP","NAZWA_KLASY","POZIOM_KLASY") VALUES(2,'Klasa wyższa',2);
INSERT INTO "DBA"."KLASA_POKOJU" ("ID_KP","NAZWA_KLASY","POZIOM_KLASY") VALUES(3,'Klasa premium',3);
INSERT INTO "DBA"."KLASA_POKOJU" ("ID_KP","NAZWA_KLASY","POZIOM_KLASY") VALUES(4,'Klasa królewska',4);

INSERT INTO "DBA"."RODZAJ_USTERKI" ("ID_RU","NAZWA_USTERKI") VALUES(1,'Awaria hydrauliki');
INSERT INTO "DBA"."RODZAJ_USTERKI" ("ID_RU","NAZWA_USTERKI") VALUES(2,'Awaria oświetlenia');
INSERT INTO "DBA"."RODZAJ_USTERKI" ("ID_RU","NAZWA_USTERKI") VALUES(3,'Awaria klimatyzacji');
INSERT INTO "DBA"."RODZAJ_USTERKI" ("ID_RU","NAZWA_USTERKI") VALUES(4,'Uszkodzenie mebli');
INSERT INTO "DBA"."RODZAJ_USTERKI" ("ID_RU","NAZWA_USTERKI") VALUES(5,'Brak prądu');
INSERT INTO "DBA"."RODZAJ_USTERKI" ("ID_RU","NAZWA_USTERKI") VALUES(6,'Niesprawne okna');
INSERT INTO "DBA"."RODZAJ_USTERKI" ("ID_RU","NAZWA_USTERKI") VALUES(7,'Niesprawne żaluzje');

INSERT INTO "DBA"."POKOJ" ("ID_KP","NR_POKOJU","LICZBA_MIEJSC","NR_PIETRA") VALUES(1,1,3,1);
INSERT INTO "DBA"."POKOJ" ("ID_KP","NR_POKOJU","LICZBA_MIEJSC","NR_PIETRA") VALUES(1,2,4,1);
INSERT INTO "DBA"."POKOJ" ("ID_KP","NR_POKOJU","LICZBA_MIEJSC","NR_PIETRA") VALUES(1,3,3,1);
INSERT INTO "DBA"."POKOJ" ("ID_KP","NR_POKOJU","LICZBA_MIEJSC","NR_PIETRA") VALUES(1,4,2,1);
INSERT INTO "DBA"."POKOJ" ("ID_KP","NR_POKOJU","LICZBA_MIEJSC","NR_PIETRA") VALUES(1,10,3,3);
INSERT INTO "DBA"."POKOJ" ("ID_KP","NR_POKOJU","LICZBA_MIEJSC","NR_PIETRA") VALUES(2,5,3,2);
INSERT INTO "DBA"."POKOJ" ("ID_KP","NR_POKOJU","LICZBA_MIEJSC","NR_PIETRA") VALUES(2,6,2,2);
INSERT INTO "DBA"."POKOJ" ("ID_KP","NR_POKOJU","LICZBA_MIEJSC","NR_PIETRA") VALUES(2,11,2,3);
INSERT INTO "DBA"."POKOJ" ("ID_KP","NR_POKOJU","LICZBA_MIEJSC","NR_PIETRA") VALUES(3,7,1,2);
INSERT INTO "DBA"."POKOJ" ("ID_KP","NR_POKOJU","LICZBA_MIEJSC","NR_PIETRA") VALUES(3,8,2,2);
INSERT INTO "DBA"."POKOJ" ("ID_KP","NR_POKOJU","LICZBA_MIEJSC","NR_PIETRA") VALUES(3,12,3,3);
INSERT INTO "DBA"."POKOJ" ("ID_KP","NR_POKOJU","LICZBA_MIEJSC","NR_PIETRA") VALUES(4,9,3,2);

INSERT INTO "DBA"."USTERKA" ("ID_RU","ID_U","ID_KP","NR_POKOJU","KOSZT_NAPRAWY","CZY_NAPRAWIONA") VALUES(1,1,1,1,30.0,'Y');
INSERT INTO "DBA"."USTERKA" ("ID_RU","ID_U","ID_KP","NR_POKOJU","KOSZT_NAPRAWY","CZY_NAPRAWIONA") VALUES(2,2,1,2,50.0,'Y');
INSERT INTO "DBA"."USTERKA" ("ID_RU","ID_U","ID_KP","NR_POKOJU","KOSZT_NAPRAWY","CZY_NAPRAWIONA") VALUES(3,3,3,7,150.0,'N');
INSERT INTO "DBA"."USTERKA" ("ID_RU","ID_U","ID_KP","NR_POKOJU","KOSZT_NAPRAWY","CZY_NAPRAWIONA") VALUES(3,6,2,6,150.0,'N');
INSERT INTO "DBA"."USTERKA" ("ID_RU","ID_U","ID_KP","NR_POKOJU","KOSZT_NAPRAWY","CZY_NAPRAWIONA") VALUES(4,4,3,8,220.0,'N');
INSERT INTO "DBA"."USTERKA" ("ID_RU","ID_U","ID_KP","NR_POKOJU","KOSZT_NAPRAWY","CZY_NAPRAWIONA") VALUES(5,5,4,9,450.0,'Y');

INSERT INTO "DBA"."KWALIFIKACJE" ("ID_K","NAZWA_KWALIFIKACJI") VALUES(1,'Prawo jazdy kat. B');
INSERT INTO "DBA"."KWALIFIKACJE" ("ID_K","NAZWA_KWALIFIKACJI") VALUES(2,'Prawo jazdy kat. C');
INSERT INTO "DBA"."KWALIFIKACJE" ("ID_K","NAZWA_KWALIFIKACJI") VALUES(3,'Kurs spawacza');
INSERT INTO "DBA"."KWALIFIKACJE" ("ID_K","NAZWA_KWALIFIKACJI") VALUES(4,'Wielojęzyczność');
INSERT INTO "DBA"."KWALIFIKACJE" ("ID_K","NAZWA_KWALIFIKACJI") VALUES(5,'Technik hotelarstwa');
INSERT INTO "DBA"."KWALIFIKACJE" ("ID_K","NAZWA_KWALIFIKACJI") VALUES(6,'Studia wyższe');
INSERT INTO "DBA"."KWALIFIKACJE" ("ID_K","NAZWA_KWALIFIKACJI") VALUES(7,'Kurs serwisu hotelowego');
INSERT INTO "DBA"."KWALIFIKACJE" ("ID_K","NAZWA_KWALIFIKACJI") VALUES(8,'Technik gastronomii');
INSERT INTO "DBA"."KWALIFIKACJE" ("ID_K","NAZWA_KWALIFIKACJI") VALUES(9,'Pozwolenie na broń');

INSERT INTO "DBA"."PARKING" ("NR_MIEJSCA") VALUES(1);
INSERT INTO "DBA"."PARKING" ("NR_MIEJSCA") VALUES(2);
INSERT INTO "DBA"."PARKING" ("NR_MIEJSCA") VALUES(3);
INSERT INTO "DBA"."PARKING" ("NR_MIEJSCA") VALUES(4);
INSERT INTO "DBA"."PARKING" ("NR_MIEJSCA") VALUES(5);
INSERT INTO "DBA"."PARKING" ("NR_MIEJSCA") VALUES(6);
INSERT INTO "DBA"."PARKING" ("NR_MIEJSCA") VALUES(7);
INSERT INTO "DBA"."PARKING" ("NR_MIEJSCA") VALUES(8);
INSERT INTO "DBA"."PARKING" ("NR_MIEJSCA") VALUES(9);
INSERT INTO "DBA"."PARKING" ("NR_MIEJSCA") VALUES(10);
INSERT INTO "DBA"."PARKING" ("NR_MIEJSCA") VALUES(11);
INSERT INTO "DBA"."PARKING" ("NR_MIEJSCA") VALUES(12);
INSERT INTO "DBA"."PARKING" ("NR_MIEJSCA") VALUES(13);
INSERT INTO "DBA"."PARKING" ("NR_MIEJSCA") VALUES(14);
INSERT INTO "DBA"."PARKING" ("NR_MIEJSCA") VALUES(15);

INSERT INTO "DBA"."GOSC" ("PESEL_G","IMIE","NAZWISKO","TELEFON") VALUES('12345678910','Jacek','Wrzeszcz','123456789');
INSERT INTO "DBA"."GOSC" ("PESEL_G","IMIE","NAZWISKO","TELEFON") VALUES('22334466881','Michał','Pietrus','223344556');
INSERT INTO "DBA"."GOSC" ("PESEL_G","IMIE","NAZWISKO","TELEFON") VALUES('35335353311','Konrad','Wolski','333666999');
INSERT INTO "DBA"."GOSC" ("PESEL_G","IMIE","NAZWISKO","TELEFON") VALUES('48879454456','Mirosław','Zelent','777555111');
INSERT INTO "DBA"."GOSC" ("PESEL_G","IMIE","NAZWISKO","TELEFON") VALUES('55588844423','Zbigniew','Zielondkiewicz','222555888');
INSERT INTO "DBA"."GOSC" ("PESEL_G","IMIE","NAZWISKO","TELEFON") VALUES('89465646465','Andrzej','Kopacki','444555666');

INSERT INTO "DBA"."KARTA" ("NR_KARTY","PESEL_G") VALUES('12233344','55588844423');
INSERT INTO "DBA"."KARTA" ("NR_KARTY","PESEL_G") VALUES('12345678','12345678910');
INSERT INTO "DBA"."KARTA" ("NR_KARTY","PESEL_G") VALUES('22334455','22334466881');
INSERT INTO "DBA"."KARTA" ("NR_KARTY","PESEL_G") VALUES('33445566','35335353311');
INSERT INTO "DBA"."KARTA" ("NR_KARTY","PESEL_G") VALUES('77221155','48879454456');
INSERT INTO "DBA"."KARTA" ("NR_KARTY","PESEL_G") VALUES('87654321','89465646465');

INSERT INTO "DBA"."PRACOWNIK" ("PESEL_P","IMIE","NAZWISKO","ULICA","NR_DOMU","MIEJSCOWOSC","TELEFON","STANOWISKO") VALUES('61724565521','Mikołaj','Kasprzak','Ogrodowa','18','Warszawa','617245665','Kucharz');
INSERT INTO "DBA"."PRACOWNIK" ("PESEL_P","IMIE","NAZWISKO","ULICA","NR_DOMU","MIEJSCOWOSC","TELEFON","STANOWISKO") VALUES('65359146934','Zbigniew','Arciuch','Królewska','2D/8','Warszawa','653591465','Serwis');
INSERT INTO "DBA"."PRACOWNIK" ("PESEL_P","IMIE","NAZWISKO","ULICA","NR_DOMU","MIEJSCOWOSC","TELEFON","STANOWISKO") VALUES('82155445687','Michał','Jankowski','Podróżnicza','4','Warszawa','879871454','Woźny');
INSERT INTO "DBA"."PRACOWNIK" ("PESEL_P","IMIE","NAZWISKO","ULICA","NR_DOMU","MIEJSCOWOSC","TELEFON","STANOWISKO") VALUES('82671345246','Karolina','Arrakowska','Owalna','17B','Łódź','872617724','Recepcjonistka');
INSERT INTO "DBA"."PRACOWNIK" ("PESEL_P","IMIE","NAZWISKO","ULICA","NR_DOMU","MIEJSCOWOSC","TELEFON","STANOWISKO") VALUES('85312347843','Albert','Worciuch','Bajeczna','31','Warszawa','253123478','Ochroniarz');
INSERT INTO "DBA"."PRACOWNIK" ("PESEL_P","IMIE","NAZWISKO","ULICA","NR_DOMU","MIEJSCOWOSC","TELEFON","STANOWISKO") VALUES('87261793498','Milena','Kowalska','Kwiecista','14C','Radom','872617934','Recepcjonistka');

INSERT INTO "DBA"."KWALIFIKACJE_PRACOWNIKA" ("ID_K","PESEL_P") VALUES(1,'61724565521');
INSERT INTO "DBA"."KWALIFIKACJE_PRACOWNIKA" ("ID_K","PESEL_P") VALUES(1,'82155445687');
INSERT INTO "DBA"."KWALIFIKACJE_PRACOWNIKA" ("ID_K","PESEL_P") VALUES(1,'85312347843');
INSERT INTO "DBA"."KWALIFIKACJE_PRACOWNIKA" ("ID_K","PESEL_P") VALUES(2,'61724565521');
INSERT INTO "DBA"."KWALIFIKACJE_PRACOWNIKA" ("ID_K","PESEL_P") VALUES(2,'82155445687');
INSERT INTO "DBA"."KWALIFIKACJE_PRACOWNIKA" ("ID_K","PESEL_P") VALUES(2,'82671345246');
INSERT INTO "DBA"."KWALIFIKACJE_PRACOWNIKA" ("ID_K","PESEL_P") VALUES(2,'85312347843');
INSERT INTO "DBA"."KWALIFIKACJE_PRACOWNIKA" ("ID_K","PESEL_P") VALUES(2,'87261793498');
INSERT INTO "DBA"."KWALIFIKACJE_PRACOWNIKA" ("ID_K","PESEL_P") VALUES(3,'82155445687');
INSERT INTO "DBA"."KWALIFIKACJE_PRACOWNIKA" ("ID_K","PESEL_P") VALUES(4,'82671345246');
INSERT INTO "DBA"."KWALIFIKACJE_PRACOWNIKA" ("ID_K","PESEL_P") VALUES(5,'82671345246');
INSERT INTO "DBA"."KWALIFIKACJE_PRACOWNIKA" ("ID_K","PESEL_P") VALUES(5,'87261793498');
INSERT INTO "DBA"."KWALIFIKACJE_PRACOWNIKA" ("ID_K","PESEL_P") VALUES(7,'65359146934');
INSERT INTO "DBA"."KWALIFIKACJE_PRACOWNIKA" ("ID_K","PESEL_P") VALUES(9,'85312347843');

INSERT INTO "DBA"."DYZURY" ("ID_D","PESEL_P","DATA","GODZINA_OD","GODZINA_DO") VALUES(1,'61724565521','2021-10-11','08:00:00.000','15:00:00.000');
INSERT INTO "DBA"."DYZURY" ("ID_D","PESEL_P","DATA","GODZINA_OD","GODZINA_DO") VALUES(2,'65359146934','2021-10-11','08:00:00.000','15:00:00.000');
INSERT INTO "DBA"."DYZURY" ("ID_D","PESEL_P","DATA","GODZINA_OD","GODZINA_DO") VALUES(3,'87261793498','2021-10-11','08:00:00.000','15:00:00.000');
INSERT INTO "DBA"."DYZURY" ("ID_D","PESEL_P","DATA","GODZINA_OD","GODZINA_DO") VALUES(4,'82671345246','2021-10-11','15:00:00.000','23:00:00.000');
INSERT INTO "DBA"."DYZURY" ("ID_D","PESEL_P","DATA","GODZINA_OD","GODZINA_DO") VALUES(5,'82155445687','2021-10-05','15:00:00.000','23:00:00.000');
INSERT INTO "DBA"."DYZURY" ("ID_D","PESEL_P","DATA","GODZINA_OD","GODZINA_DO") VALUES(6,'65359146934','2021-10-05','15:00:00.000','23:00:00.000');
INSERT INTO "DBA"."DYZURY" ("ID_D","PESEL_P","DATA","GODZINA_OD","GODZINA_DO") VALUES(7,'85312347843','2021-10-05','08:00:00.000','13:00:00.000');
INSERT INTO "DBA"."DYZURY" ("ID_D","PESEL_P","DATA","GODZINA_OD","GODZINA_DO") VALUES(8,'85312347843','2021-10-06','08:00:00.000','13:00:00.000');
INSERT INTO "DBA"."DYZURY" ("ID_D","PESEL_P","DATA","GODZINA_OD","GODZINA_DO") VALUES(9,'85312347843','2021-10-07','08:00:00.000','13:00:00.000');
INSERT INTO "DBA"."DYZURY" ("ID_D","PESEL_P","DATA","GODZINA_OD","GODZINA_DO") VALUES(10,'65359146934','2021-10-08','08:00:00.000','13:00:00.000');
INSERT INTO "DBA"."DYZURY" ("ID_D","PESEL_P","DATA","GODZINA_OD","GODZINA_DO") VALUES(11,'65359146934','2021-10-09','08:00:00.000','17:00:00.000');

INSERT INTO "DBA"."SAMOCHOD" ("NR_REJSTRACYJNY","PESEL_G","MARKA") VALUES('WB475AR','12345678910','Porsche');
INSERT INTO "DBA"."SAMOCHOD" ("NR_REJSTRACYJNY","PESEL_G","MARKA") VALUES('WH64XR4','48879454456','BMW');
INSERT INTO "DBA"."SAMOCHOD" ("NR_REJSTRACYJNY","PESEL_G","MARKA") VALUES('WM654FF','22334466881','Fiat');

INSERT INTO "DBA"."REZERWACJA_MIEJSCA" ("NR_MIEJSCA","NR_REJSTRACYJNY","OD_KIEDY","DO_KIEDY") VALUES(1,'WB475AR','2021-10-07','2021-10-14');

INSERT INTO "DBA"."REZERWACJA" ("ID_R","PESEL_G","PESEL_P","ID_KP","NR_POKOJU","DATA_OD","DATA_DO","KWOTA") VALUES(1,'89465646465','82671345246',1,3,'2021-09-22','2021-09-29',650.0);
INSERT INTO "DBA"."REZERWACJA" ("ID_R","PESEL_G","PESEL_P","ID_KP","NR_POKOJU","DATA_OD","DATA_DO","KWOTA") VALUES(2,'22334466881','87261793498',1,2,'2021-10-12','2021-10-18',530.0);
INSERT INTO "DBA"."REZERWACJA" ("ID_R","PESEL_G","PESEL_P","ID_KP","NR_POKOJU","DATA_OD","DATA_DO","KWOTA") VALUES(3,'48879454456','87261793498',1,3,'2021-10-03','2021-10-15',620.0);

INSERT INTO "DBA"."PLATNOSC" ("ID_PLATNOSCI","ID_R","SPOSOB_PLATNOSCI","DATA_PLATNOSCI","CZY_FAKTURA","NIP") VALUES(1,1,'GOTOWKA','2021-10-12','N','-');
INSERT INTO "DBA"."PLATNOSC" ("ID_PLATNOSCI","ID_R","SPOSOB_PLATNOSCI","DATA_PLATNOSCI","CZY_FAKTURA","NIP") VALUES(2,2,'KARTA','2021-10-13','Y','5FSD5DFS51');
INSERT INTO "DBA"."PLATNOSC" ("ID_PLATNOSCI","ID_R","SPOSOB_PLATNOSCI","DATA_PLATNOSCI","CZY_FAKTURA","NIP") VALUES(3,3,'KARTA','2021-10-15','Y','FDSA5SFD4');